20,
482735106,John Doe,0123456789,john.doe@example.com,0,
908374630,Jane Smith,0987654321,jane.smith@example.com,0,
375910287,Emily Brown,0912345678,emily.brown@example.com,0,
651028915,Michael Johnson,0923456789,michael.johnson@example.com,0,
283746020,William Harris,0934567890,william.harris@example.com,0,
940236842,Susan Lee,0945678901,susan.lee@example.com,0,
165284956,David Clark,0956789012,david.clark@example.com,0,
430987584,Linda Lewis,0967890123,linda.lewis@example.com,0,
382047298,James Walker,0978901234,james.walker@example.com,0,
109235612,Mary Hall,0989012345,mary.hall@example.com,0,
785642387,Charles Allen,0990123456,charles.allen@example.com,0,
239874182,Patricia Young,0911234567,patricia.young@example.com,0,
640287403,Christopher King,0922345678,christopher.king@example.com,0,
874501680,Jessica Scott,0933456789,jessica.scott@example.com,0,
192834205,Daniel Adams,0944567890,daniel.adams@example.com,0,
507291602,Olivia Carter,0955678901,olivia.carter@example.com,0,
381295860,Richard Mitchell,0966789012,richard.mitchell@example.com,0,
284691027,Elizabeth Perez,0977890123,elizabeth.perez@example.com,0,
674091502,Anthony Evans,0988901234,anthony.evans@example.com,0,
512096750,Victoria Turner,0999012345,victoria.turner@example.com,0,